PDB code,Chain,UniProt Id,Species,Name,"Position 1
(Bond 1)",Residue 1,"Position 2
(catalytic)",Residue 2,"Position 3
(Bond 2)",Residue 3,Is bonded,Isopeptide type,Domain insert in loop?,Insertion name?,Reference,Notes,Interchain,Bad rotamer,Deposition date,Assigned bond,Fixed,Resolution,Unusual geometry/chemistry
1d2p,A,Q53654,Staphylococcus aureus,Cna,820,K,881,E,904,N,TRUE,CnaB-like,FALSE,,https://www.cell.com/structure/fulltext/S0969-2126(00)00081-2?_returnURL=https%3A%2F%2Flinkinghub.elsevier.com%2Fretrieve%2Fpii%2FS0969212600000812%3Fshowall%3Dtrue,-,FALSE,TRUE,1999-09-25 00:00:00+00:00,FALSE,FALSE,2.5,FALSE
1d2p,A,Q53654,Staphylococcus aureus,Cna,543,K,603,E,620,N,TRUE,CnaB-like,FALSE,,https://www.cell.com/structure/fulltext/S0969-2126(00)00081-2?_returnURL=https%3A%2F%2Flinkinghub.elsevier.com%2Fretrieve%2Fpii%2FS0969212600000812%3Fshowall%3Dtrue,-,FALSE,TRUE,1999-09-25 00:00:00+00:00,FALSE,FALSE,2.5,FALSE
1d2p,A,Q53654,Staphylococcus aureus,Cna,633,K,694,E,717,N,TRUE,CnaB-like,FALSE,,https://www.cell.com/structure/fulltext/S0969-2126(00)00081-2?_returnURL=https%3A%2F%2Flinkinghub.elsevier.com%2Fretrieve%2Fpii%2FS0969212600000812%3Fshowall%3Dtrue,-,FALSE,TRUE,1999-09-25 00:00:00+00:00,FALSE,FALSE,2.5,FALSE
1d2p,A,Q53654,Staphylococcus aureus,Cna,730,K,790,E,807,N,TRUE,CnaB-like,FALSE,,https://www.cell.com/structure/fulltext/S0969-2126(00)00081-2?_returnURL=https%3A%2F%2Flinkinghub.elsevier.com%2Fretrieve%2Fpii%2FS0969212600000812%3Fshowall%3Dtrue,-,FALSE,TRUE,1999-09-25 00:00:00+00:00,FALSE,FALSE,2.5,FALSE
1d2o,A,Q53654,Staphylococcus aureus,Cna,543,K,603,E,620,N,TRUE,CnaB-like,FALSE,,https://www.cell.com/structure/fulltext/S0969-2126(00)00081-2?_returnURL=https%3A%2F%2Flinkinghub.elsevier.com%2Fretrieve%2Fpii%2FS0969212600000812%3Fshowall%3Dtrue,Predicted by Kang et al / Same protein as 1d2p,FALSE,TRUE,1999-09-25 00:00:00+00:00,FALSE,FALSE,2,FALSE
1d2o,A,Q53654,Staphylococcus aureus,Cna,633,K,694,E,717,N,TRUE,CnaB-like,FALSE,,https://www.cell.com/structure/fulltext/S0969-2126(00)00081-2?_returnURL=https%3A%2F%2Flinkinghub.elsevier.com%2Fretrieve%2Fpii%2FS0969212600000812%3Fshowall%3Dtrue,Predicted by Kang et al / Same protein as 1d2p,FALSE,TRUE,1999-09-25 00:00:00+00:00,FALSE,FALSE,2,FALSE
2z1p,A,Q836L2,Enterococcus faecalis,ACE,181,K,213,D,294,N,TRUE,CnaA-like,FALSE,,https://www.jbc.org/article/S0021-9258(17)47343-1/fulltext,-,FALSE,TRUE,2007-05-11 00:00:00+00:00,FALSE,FALSE,2.5,FALSE
2x5p,A,Q8G9G1,Streptococcus pyogenes,fba2,31,K,77,E,117,D,TRUE,CnaB-like,FALSE,,http://dx.doi.org/10.1007/s10969-010-9090-y,-,FALSE,FALSE,2010-02-10 00:00:00+00:00,TRUE,FALSE,1.6,FALSE
7w6b,A,D4FSQ3,Streptococcus oralis,PitA,47,K,366,D,468,N,TRUE,CnaA-like,TRUE,von Willebrand factor (Type A),https://febs.onlinelibrary.wiley.com/doi/10.1111/febs.16527,-,FALSE,FALSE,2021-12-01 00:00:00+00:00,TRUE,TRUE,2.984,FALSE
7w6b,A,D4FSQ3,Streptococcus oralis,PitA,611,K,678,E,707,N,TRUE,CnaB-like,FALSE,,https://febs.onlinelibrary.wiley.com/doi/10.1111/febs.16527,-,FALSE,FALSE,2021-12-01 00:00:00+00:00,TRUE,TRUE,2.984,FALSE
7w6b,A,D4FSQ3,Streptococcus oralis,PitA,717,K,791,E,820,N,TRUE,CnaB-like,FALSE,,https://febs.onlinelibrary.wiley.com/doi/10.1111/febs.16527,-,FALSE,FALSE,2021-12-01 00:00:00+00:00,TRUE,TRUE,2.984,FALSE
8c27,A,B9UR22,Streptococcus agalactiae,PI-2a backbone protein,43,K,125,E,146,N,TRUE,CnaB-like,FALSE,,Unpublished,-,FALSE,FALSE,2022-12-21 00:00:00+00:00,TRUE,FALSE,2.63,FALSE
8jl8,A,,Streptococcus mutans,Cnm,176,K,209,D,290,N,TRUE,CnaA-like,FALSE,,https://doi.org/10.3390/chemistry5030130,Found on PDB95 screening,FALSE,FALSE,2023-06-02 00:00:00+00:00,TRUE,FALSE,1.81,FALSE
1amx,A,Q53654,Staphylococcus aureus,Cna,176,K,209,D,293,N,TRUE,CnaA-like,FALSE,,https://www.nature.com/articles/nsb1097-833,Predicted by Kang et al / Same protein as 1d2p,FALSE,FALSE,1997-06-19 00:00:00+00:00,TRUE,TRUE,2,FALSE
2f68,X,Q53654,Staphylococcus aureus,Cna,176,K,209,D,293,N,TRUE,CnaA-like,FALSE,,https://www.embopress.org/doi/full/10.1038/sj.emboj.7600888?pubCode=cgi,Predicted by Kang et al / Same protein as 1d2p,FALSE,FALSE,2005-11-28 00:00:00+00:00,TRUE,TRUE,1.95,FALSE
2f6a,A,Q53654,Staphylococcus aureus,Cna,176,K,209,D,293,N,TRUE,CnaA-like,FALSE,,https://www.embopress.org/doi/full/10.1038/sj.emboj.7600888?pubCode=cgi,Same protein as 1d2p,FALSE,FALSE,2005-11-28 00:00:00+00:00,TRUE,TRUE,3.29,FALSE
2okm,A,Q9F865,Enterococcus faecalis,ACE,42,K,74,D,155,N,TRUE,CnaA-like,FALSE,,https://onlinelibrary.wiley.com/doi/10.1002/prot.21464,-,FALSE,FALSE,2007-01-17 00:00:00+00:00,TRUE,TRUE,1.65,FALSE
3b2m,A,Q9A1S2,Streptococcus pyogenes,SPy_0128,179,K,258,E,303,N,TRUE,CnaB-like,FALSE,,https://www.science.org/doi/10.1126/science.1145806,-,FALSE,FALSE,2007-10-18 00:00:00+00:00,TRUE,FALSE,2.22,FALSE
3b2m,A,Q9A1S2,Streptococcus pyogenes,SPy_0128,36,K,117,E,168,N,TRUE,CnaB-like,FALSE,,https://www.science.org/doi/10.1126/science.1145806,Also contains Lys-Phe intermolecular isopeptide bond,FALSE,FALSE,2007-10-18 00:00:00+00:00,TRUE,FALSE,2.22,FALSE
3gle,A,Q9A1S2,Streptococcus pyogenes,SPy_0128,36,K,117,E,168,A,FALSE,Mutant,FALSE,,Unpublished,Same protein as 3b2m,FALSE,FALSE,2009-03-12 00:00:00+00:00,TRUE,FALSE,2.19,FALSE
3gle,A,Q9A1S2,Streptococcus pyogenes,SPy_0128,179,K,258,E,303,N,TRUE,CnaB-like,FALSE,,Unpublished,Same protein as 3b2m,FALSE,FALSE,2009-03-12 00:00:00+00:00,TRUE,FALSE,2.19,FALSE
3gld,A,Q9A1S2,Streptococcus pyogenes,SPy_0128,179,K,258,E,303,N,TRUE,Mutant,FALSE,,Unpublished,This structure is of a mutant in the other isopeptide bond of this protein. That may not be the best choice! See 3b2m below for wild type / Same protein as 3b2m,FALSE,FALSE,2009-03-12 00:00:00+00:00,TRUE,FALSE,2.03,FALSE
3hr6,A,Q6NF81,Corynebacterium diphtheriae,SpaA,363,K,446,E,482,N,TRUE,CnaB-like,FALSE,,https://www.pnas.org/doi/full/10.1073/pnas.0906826106,-,FALSE,FALSE,2009-06-08 00:00:00+00:00,TRUE,FALSE,1.6,FALSE
3hr6,A,Q6NF81,Corynebacterium diphtheriae,SpaA,199,K,241,D,321,N,TRUE,CnaA-like,FALSE,,https://www.pnas.org/doi/full/10.1073/pnas.0906826106,-,FALSE,FALSE,2009-06-08 00:00:00+00:00,TRUE,FALSE,1.6,FALSE
3htl,X,Q6NF81,Corynebacterium diphtheriae,SpaA,363,K,446,E,482,N,TRUE,CnaB-like,FALSE,,https://www.pnas.org/doi/full/10.1073/pnas.0906826106,Same protein as 3hr6,FALSE,FALSE,2009-06-11 00:00:00+00:00,TRUE,FALSE,1.8,FALSE
3htl,X,Q6NF81,Corynebacterium diphtheriae,SpaA,199,K,241,D,321,N,TRUE,CnaA-like,FALSE,,https://www.pnas.org/doi/full/10.1073/pnas.0906826106,Also contains Lys-Thr intermolecular isopeptide bond / Same protein as 3hr6,FALSE,FALSE,2009-06-11 00:00:00+00:00,TRUE,FALSE,1.8,FALSE
2woy,A,P16952,Streptococcus gordonii,SspB,1259,K,1307,D,1393,N,TRUE,CnaA-like,FALSE,,https://www.sciencedirect.com/science/article/pii/S0022283610001208?via%3Dihub,Same protein as 7l0o,FALSE,FALSE,2009-07-31 00:00:00+00:00,TRUE,FALSE,1.5,FALSE
2wqs,A,P16952,Streptococcus gordonii,SspB,1259,K,1307,D,1393,N,TRUE,CnaA-like,FALSE,,https://www.sciencedirect.com/science/article/pii/S0022283610001208?via%3Dihub,Same protein as 7l0o,FALSE,FALSE,2009-08-27 00:00:00+00:00,TRUE,TRUE,1.7,FALSE
2ww8,A,A0A0H2UNT6,Streptococcus pneumoniae,RrgA,191,K,600,D,695,N,TRUE,CnaA-like,TRUE,von Willebrand factor (Type A),https://www.cell.com/structure/fulltext/S0969-2126(09)00466-3?_returnURL=https%3A%2F%2Flinkinghub.elsevier.com%2Fretrieve%2Fpii%2FS0969212609004663%3Fshowall%3Dtrue,-,FALSE,FALSE,2009-10-22 00:00:00+00:00,TRUE,FALSE,1.9,FALSE
2ww8,A,A0A0H2UNT6,Streptococcus pneumoniae,RrgA,742,K,803,E,854,N,TRUE,CnaB-like,FALSE,,https://www.cell.com/structure/fulltext/S0969-2126(09)00466-3?_returnURL=https%3A%2F%2Flinkinghub.elsevier.com%2Fretrieve%2Fpii%2FS0969212609004663%3Fshowall%3Dtrue,-,FALSE,FALSE,2009-10-22 00:00:00+00:00,TRUE,FALSE,1.9,FALSE
2ww8,A,A0A0H2UNT6,Streptococcus pneumoniae,RrgA,731,K,103,E,54,E,FALSE,Atypical,TRUE,CnaA-like domain which itself has an additional insertion,https://www.cell.com/structure/fulltext/S0969-2126(09)00466-3?_returnURL=https%3A%2F%2Flinkinghub.elsevier.com%2Fretrieve%2Fpii%2FS0969212609004663%3Fshowall%3Dtrue,-,FALSE,FALSE,2009-10-22 00:00:00+00:00,TRUE,FALSE,1.9,FALSE
3kpt,A,Q81D71,Bacillus cereus,BcpA,273,K,312,D,383,N,TRUE,CnaA-like,FALSE,,https://www.pnas.org/doi/full/10.1073/pnas.0910887106,-,FALSE,FALSE,2009-11-16 00:00:00+00:00,TRUE,FALSE,2.102,FALSE
3kpt,A,Q81D71,Bacillus cereus,BcpA,174,K,223,E,265,N,TRUE,CnaB-like,FALSE,,https://www.pnas.org/doi/full/10.1073/pnas.0910887106,-,FALSE,FALSE,2009-11-16 00:00:00+00:00,TRUE,FALSE,2.102,FALSE
3kpt,A,Q81D71,Bacillus cereus,BcpA,417,K,472,E,512,N,TRUE,CnaB-like,FALSE,,https://www.pnas.org/doi/full/10.1073/pnas.0910887106,-,FALSE,FALSE,2009-11-16 00:00:00+00:00,TRUE,FALSE,2.102,FALSE
2wza,A,P16952,Streptococcus gordonii,SspB,1259,K,1307,D,1393,N,TRUE,CnaA-like,FALSE,,https://www.sciencedirect.com/science/article/pii/S0022283610001208?via%3Dihub,Same protein as 7l0o,FALSE,FALSE,2009-11-26 00:00:00+00:00,TRUE,FALSE,2.082,FALSE
2wza,A,P16952,Streptococcus gordonii,SspB,1082,K,1132,D,1232,N,TRUE,CnaA-like,FALSE,,https://www.sciencedirect.com/science/article/pii/S0022283610001208?via%3Dihub,Same protein as 7l0o,FALSE,FALSE,2009-11-26 00:00:00+00:00,TRUE,FALSE,2.082,FALSE
2x9w,A,A0A0H2UNM7,Streptococcus pneumoniae,RrgB,349,K,405,E,428,N,TRUE,CnaB-like,FALSE,,https://journals.plos.org/plosone/article?id=10.1371/journal.pone.0010919,Same protein as 2y1v,FALSE,FALSE,2010-03-25 00:00:00+00:00,TRUE,FALSE,1.92,FALSE
2x9w,A,A0A0H2UNM7,Streptococcus pneumoniae,RrgB,193,K,241,D,318,N,TRUE,CnaA-like,TRUE,CnaB-like domain,https://journals.plos.org/plosone/article?id=10.1371/journal.pone.0010919,Same protein as 2y1v,FALSE,FALSE,2010-03-25 00:00:00+00:00,TRUE,FALSE,1.92,FALSE
2x9w,A,A0A0H2UNM7,Streptococcus pneumoniae,RrgB,453,K,577,E,623,N,TRUE,CnaB-like,FALSE,,https://journals.plos.org/plosone/article?id=10.1371/journal.pone.0010919,Same protein as 2y1v,FALSE,FALSE,2010-03-25 00:00:00+00:00,TRUE,FALSE,1.92,FALSE
2x9x,A,A0A0H2UNM7,Streptococcus pneumoniae,RrgB,193,K,241,D,318,N,TRUE,CnaA-like,TRUE,CnaB-like domain,https://journals.plos.org/plosone/article?id=10.1371/journal.pone.0010919,Same protein as 2y1v,FALSE,FALSE,2010-03-25 00:00:00+00:00,TRUE,TRUE,1.5,FALSE
2x9x,A,A0A0H2UNM7,Streptococcus pneumoniae,RrgB,453,K,577,E,623,N,TRUE,CnaB-like,FALSE,,https://journals.plos.org/plosone/article?id=10.1371/journal.pone.0010919,Same protein as 2y1v,FALSE,FALSE,2010-03-25 00:00:00+00:00,TRUE,TRUE,1.5,FALSE
2x9x,A,A0A0H2UNM7,Streptococcus pneumoniae,RrgB,349,K,405,E,428,N,TRUE,CnaB-like,FALSE,,https://journals.plos.org/plosone/article?id=10.1371/journal.pone.0010919,Same protein as 2y1v,FALSE,FALSE,2010-03-25 00:00:00+00:00,TRUE,TRUE,1.5,FALSE
2x9y,A,A0A0H2UNM7,Streptococcus pneumoniae,RrgB,349,K,405,E,428,N,TRUE,CnaB-like,FALSE,,https://journals.plos.org/plosone/article?id=10.1371/journal.pone.0010919,Same protein as 2y1v,FALSE,FALSE,2010-03-25 00:00:00+00:00,TRUE,TRUE,2.33,FALSE
2x9y,A,A0A0H2UNM7,Streptococcus pneumoniae,RrgB,193,K,241,D,318,N,TRUE,CnaA-like,TRUE,CnaB-like domain,https://journals.plos.org/plosone/article?id=10.1371/journal.pone.0010919,Same protein as 2y1v,FALSE,FALSE,2010-03-25 00:00:00+00:00,TRUE,TRUE,2.33,FALSE
2x9y,A,A0A0H2UNM7,Streptococcus pneumoniae,RrgB,453,K,577,E,623,N,TRUE,CnaB-like,TRUE,CnaB-like domain,https://journals.plos.org/plosone/article?id=10.1371/journal.pone.0010919,Same protein as 2y1v,FALSE,FALSE,2010-03-25 00:00:00+00:00,TRUE,TRUE,2.33,FALSE
2x9z,A,A0A0H2UNM7,Streptococcus pneumoniae,RrgB,349,K,405,E,428,N,TRUE,CnaB-like,FALSE,,https://journals.plos.org/plosone/article?id=10.1371/journal.pone.0010919,Same protein as 2y1v,FALSE,FALSE,2010-03-25 00:00:00+00:00,TRUE,TRUE,1.3,FALSE
2x9z,A,A0A0H2UNM7,Streptococcus pneumoniae,RrgB,193,K,241,D,318,N,TRUE,CnaA-like,TRUE,CnaB-like domain,https://journals.plos.org/plosone/article?id=10.1371/journal.pone.0010919,Same protein as 2y1v,FALSE,FALSE,2010-03-25 00:00:00+00:00,TRUE,TRUE,1.3,FALSE
2xi9,A,Q8GRA2,Streptococcus pyogenes,Spy0125,297,K,347,E,595,D,TRUE,CnaB-like,TRUE,"TES domain, type TQXA",https://www.jbc.org/article/S0021-9258(20)47098-X/fulltext,-,FALSE,FALSE,2010-06-28 00:00:00+00:00,TRUE,FALSE,1.9,FALSE
2xic,A,Q8GRA2,Streptococcus pyogenes,Spy0125,297,K,347,E,595,D,TRUE,CnaB-like,TRUE,"TES domain, type TQXA",https://www.jbc.org/article/S0021-9258(20)47098-X/fulltext,Same protein as 2xi9,FALSE,FALSE,2010-06-28 00:00:00+00:00,TRUE,FALSE,2.9,FALSE
2xic,A,Q8GRA2,Streptococcus pyogenes,Spy0125,610,K,680,E,715,N,TRUE,CnaB-like,TRUE,"TES domain, type TQXA",https://www.jbc.org/article/S0021-9258(20)47098-X/fulltext,Same protein as 2xi9,FALSE,FALSE,2010-06-28 00:00:00+00:00,TRUE,FALSE,2.9,FALSE
2xid,A,Q8GRA2,Streptococcus pyogenes,Spy0125,297,K,347,E,595,D,TRUE,CnaB-like,TRUE,"TES domain, type TQXA",https://www.jbc.org/article/S0021-9258(20)47098-X/fulltext,Same protein as 2xi9,FALSE,FALSE,2010-06-28 00:00:00+00:00,TRUE,FALSE,2.65,FALSE
2xid,A,Q8GRA2,Streptococcus pyogenes,Spy0125,610,K,680,E,715,N,TRUE,CnaB-like,FALSE,,https://www.jbc.org/article/S0021-9258(20)47098-X/fulltext,Same protein as 2xi9,FALSE,FALSE,2010-06-28 00:00:00+00:00,TRUE,FALSE,2.65,FALSE
3opu,A,P11657,Streptococcus mutans,SpaP,1157,K,1207,D,1307,N,TRUE,CnaA-like,FALSE,,https://scripts.iucr.org/cgi-bin/paper?S174430911004443X,Same protein as 3qe5,FALSE,FALSE,2010-09-02 00:00:00+00:00,TRUE,FALSE,2.181,FALSE
3opu,A,P11657,Streptococcus mutans,SpaP,1334,K,1383,D,1469,N,TRUE,CnaA-like,FALSE,,https://scripts.iucr.org/cgi-bin/paper?S174430911004443X,Same protein as 3qe5,FALSE,FALSE,2010-09-02 00:00:00+00:00,TRUE,FALSE,2.181,FALSE
2xtl,A,B9UQT9,Streptococcus agalactiae,PI-2a backbone protein,463,K,589,E,636,N,TRUE,CnaB-like,FALSE,,https://www.pnas.org/doi/full/10.1073/pnas.1106590108,-,FALSE,FALSE,2010-10-11 00:00:00+00:00,TRUE,FALSE,1.75,FALSE
2xtl,A,B9UQT9,Streptococcus agalactiae,PI-2a backbone protein,355,K,416,D,437,N,TRUE,CnaB-like,FALSE,,https://www.pnas.org/doi/full/10.1073/pnas.1106590108,-,FALSE,FALSE,2010-10-11 00:00:00+00:00,TRUE,FALSE,1.75,FALSE
2xtl,A,B9UQT9,Streptococcus agalactiae,PI-2a backbone protein,199,K,247,D,325,N,TRUE,CnaA-like,TRUE,CnaB-like domain,https://www.pnas.org/doi/full/10.1073/pnas.1106590108,-,FALSE,FALSE,2010-10-11 00:00:00+00:00,TRUE,FALSE,1.75,FALSE
3pf2,A,Q8E0S9,Streptococcus agalactiae,SAG0645,387,K,471,E,515,N,TRUE,CnaB-like,FALSE,,https://www.sciencedirect.com/science/article/pii/S0022283611001690?via%3Dihub,-,FALSE,FALSE,2010-10-27 00:00:00+00:00,TRUE,FALSE,1.7,FALSE
3pf2,A,Q8E0S9,Streptococcus agalactiae,SAG0645,210,K,250,D,351,N,TRUE,CnaA-like,FALSE,,https://www.sciencedirect.com/science/article/pii/S0022283611001690?via%3Dihub,-,FALSE,FALSE,2010-10-27 00:00:00+00:00,TRUE,FALSE,1.7,FALSE
3pg2,A,Q8E0S9,Streptococcus Agalactiae,SAG0645,210,K,250,D,351,N,TRUE,CnaA-like,FALSE,,https://www.sciencedirect.com/science/article/pii/S0022283611001690?via%3Dihub,Same protein as 3pf2,FALSE,FALSE,2010-10-29 00:00:00+00:00,TRUE,FALSE,1.8,FALSE
3pg2,A,Q8E0S9,Streptococcus Agalactiae,SAG0645,387,K,471,E,515,N,TRUE,CnaB-like,FALSE,,https://www.sciencedirect.com/science/article/pii/S0022283611001690?via%3Dihub,Same protein as 3pf2,FALSE,FALSE,2010-10-29 00:00:00+00:00,TRUE,FALSE,1.8,FALSE
3phs,A,Q8E0S8,Streptococcus agalactiae,SAG0646,160,K,226,E,256,N,TRUE,CnaB-like,FALSE,,https://www.cell.com/structure/fulltext/S0969-2126(07)00248-1?_returnURL=https%3A%2F%2Flinkinghub.elsevier.com%2Fretrieve%2Fpii%2FS0969212607002481%3Fshowall%3Dtrue,-,FALSE,FALSE,2010-11-04 00:00:00+00:00,TRUE,FALSE,1.8,FALSE
2y1v,A,A0A0H2UNM7,Streptococcus pneumoniae,RrgB,41,K,143,E,184,N,TRUE,CnaB-like,FALSE,,https://portlandpress.com/biochemj/article-abstract/441/3/833/46152/The-full-length-Streptococcus-pneumoniae-major?redirectedFrom=fulltext,-,FALSE,FALSE,2010-12-10 00:00:00+00:00,TRUE,FALSE,2.39,FALSE
2y1v,A,A0A0H2UNM7,Streptococcus pneumoniae,RrgB,193,K,241,D,318,N,TRUE,CnaA-like,TRUE,CnaB-like domain,https://portlandpress.com/biochemj/article-abstract/441/3/833/46152/The-full-length-Streptococcus-pneumoniae-major?redirectedFrom=fulltext,-,FALSE,FALSE,2010-12-10 00:00:00+00:00,TRUE,FALSE,2.39,FALSE
2y1v,A,A0A0H2UNM7,Streptococcus pneumoniae,RrgB,349,K,405,E,428,N,TRUE,CnaB-like,FALSE,,https://portlandpress.com/biochemj/article-abstract/441/3/833/46152/The-full-length-Streptococcus-pneumoniae-major?redirectedFrom=fulltext,-,FALSE,FALSE,2010-12-10 00:00:00+00:00,TRUE,FALSE,2.39,FALSE
2y1v,A,A0A0H2UNM7,Streptococcus pneumoniae,RrgB,453,K,577,E,623,N,TRUE,CnaB-like,FALSE,,https://portlandpress.com/biochemj/article-abstract/441/3/833/46152/The-full-length-Streptococcus-pneumoniae-major?redirectedFrom=fulltext,-,FALSE,FALSE,2010-12-10 00:00:00+00:00,TRUE,FALSE,2.39,FALSE
3qdh,A,O68212,Actinomyces naeslundii,FimA,206,K,246,D,319,N,TRUE,CnaA-like,FALSE,,https://onlinelibrary.wiley.com/doi/10.1111/j.1365-2958.2011.07745.x,-,FALSE,FALSE,2011-01-18 00:00:00+00:00,TRUE,FALSE,1.9,FALSE
3qdh,A,O68212,Actinomyces naeslundii,FimA,363,K,450,E,485,N,TRUE,CnaB-like,FALSE,,https://onlinelibrary.wiley.com/doi/10.1111/j.1365-2958.2011.07745.x,-,FALSE,FALSE,2011-01-18 00:00:00+00:00,TRUE,FALSE,1.9,FALSE
3qe5,A,P11657,Streptococcus mutans,SpaP,1161,K,1211,D,1311,N,TRUE,CnaA-like,FALSE,,https://www.jbc.org/article/S0021-9258(19)49045-5/fulltext,-,FALSE,FALSE,2011-01-19 00:00:00+00:00,TRUE,FALSE,2.5,FALSE
3qe5,A,P11657,Streptococcus mutans,SpaP,1006,K,1050,D,1121,N,TRUE,CnaA-like,FALSE,,https://www.jbc.org/article/S0021-9258(19)49045-5/fulltext,-,FALSE,FALSE,2011-01-19 00:00:00+00:00,TRUE,FALSE,2.5,FALSE
3qe5,A,P11657,Streptococcus mutans,SpaP,1338,K,1387,D,1473,N,TRUE,CnaA-like,FALSE,,https://www.jbc.org/article/S0021-9258(19)49045-5/fulltext,-,FALSE,FALSE,2011-01-19 00:00:00+00:00,TRUE,FALSE,2.5,FALSE
3rkp,A,Q81D71,Bacillus cereus,BcpA,174,K,223,E,265,N,TRUE,CnaB-like,FALSE,,https://onlinelibrary.wiley.com/doi/10.1111/j.1365-2958.2012.08098.x,Same protein as 3kpt,FALSE,FALSE,2011-04-18 00:00:00+00:00,TRUE,FALSE,2.243,FALSE
3rkp,A,Q81D71,Bacillus cereus,BcpA,417,K,472,E,512,N,TRUE,CnaB-like,FALSE,,https://onlinelibrary.wiley.com/doi/10.1111/j.1365-2958.2012.08098.x,Same protein as 3kpt,FALSE,FALSE,2011-04-18 00:00:00+00:00,TRUE,FALSE,2.243,FALSE
3rkp,A,Q81D71,Bacillus cereus,BcpA,273,K,385,A,383,N,FALSE,Mutant,FALSE,,https://onlinelibrary.wiley.com/doi/10.1111/j.1365-2958.2012.08098.x,Same protein as 3kpt,FALSE,FALSE,2011-04-18 00:00:00+00:00,TRUE,FALSE,2.243,TRUE
2l4o,A,A0A0H2UNM7,Streptococcus pneumoniae,RrgB,41,K,143,E,184,N,FALSE,CnaB-like,FALSE,,Unpublished,Same protein as 2y1v,FALSE,FALSE,2010-10-11 00:00:00+00:00,TRUE,FALSE,,FALSE
3rpk,A,A0A0H2UNM7,Streptococcus pneumoniae,RrgB,193,K,241,D,318,N,TRUE,CnaA-like,TRUE,CnaB-like domain,https://journals.plos.org/plosone/article?id=10.1371/journal.pone.0022095#pone-0022095-g002,Same protein as 2y1v,FALSE,FALSE,2011-04-26 00:00:00+00:00,TRUE,FALSE,2.8,FALSE
3rpk,A,A0A0H2UNM7,Streptococcus pneumoniae,RrgB,349,K,405,E,428,N,TRUE,CnaB-like,FALSE,,https://journals.plos.org/plosone/article?id=10.1371/journal.pone.0022095#pone-0022095-g002,Same protein as 2y1v,FALSE,FALSE,2011-04-26 00:00:00+00:00,TRUE,FALSE,2.8,FALSE
3rpk,A,A0A0H2UNM7,Streptococcus pneumoniae,RrgB,453,K,577,E,623,N,TRUE,CnaB-like,FALSE,,https://journals.plos.org/plosone/article?id=10.1371/journal.pone.0022095#pone-0022095-g002,Same protein as 2y1v,FALSE,FALSE,2011-04-26 00:00:00+00:00,TRUE,FALSE,2.8,FALSE
3rpk,A,A0A0H2UNM7,Streptococcus pneumoniae,RrgB,41,K,143,E,184,N,FALSE,CnaB-like,FALSE,,https://journals.plos.org/plosone/article?id=10.1371/journal.pone.0022095#pone-0022095-g002,Bond can't be formed due to 4A divergence of strand G pulling N184 away / Same protein as 2y1v,FALSE,FALSE,2011-04-26 00:00:00+00:00,TRUE,FALSE,2.8,FALSE
3txa,A,Q8E0S5,Streptococcus agalactiae,GBS104,188,K,597,D,692,N,TRUE,CnaA-like,TRUE,von Willebrand factor (Type A),https://scripts.iucr.org/cgi-bin/paper?S0907444913004642,-,FALSE,FALSE,2011-09-23 00:00:00+00:00,TRUE,FALSE,2.619,FALSE
3uxf,A,P18477,Actonomyces oris,FimP,190,K,230,D,319,N,TRUE,CnaA-like,FALSE,,https://journals.plos.org/plosone/article?id=10.1371/journal.pone.0048364,-,FALSE,FALSE,2011-12-05 00:00:00+00:00,TRUE,FALSE,1.603,FALSE
3uxf,A,P18477,Actonomyces oris,FimP,363,K,452,E,487,D,TRUE,CnaB-like,FALSE,,https://journals.plos.org/plosone/article?id=10.1371/journal.pone.0048364,-,FALSE,FALSE,2011-12-05 00:00:00+00:00,TRUE,FALSE,1.603,FALSE
3uxf,A,P18477,Actonomyces oris,FimP,52,K,145,E,183,N,FALSE,CnaB-like,FALSE,,https://journals.plos.org/plosone/article?id=10.1371/journal.pone.0048364,-,FALSE,FALSE,2011-12-05 00:00:00+00:00,TRUE,FALSE,1.603,FALSE
4hsq,A,Q6NK05,Corynebacterium diphtheriae,SpaD,187,K,224,D,299,N,TRUE,CnaA-like,FALSE,,http://scripts.iucr.org/cgi-bin/paper?S1399004714001400,Same protein as 4hss,FALSE,FALSE,2012-10-30 00:00:00+00:00,TRUE,FALSE,1.87,FALSE
4hsq,A,Q6NK05,Corynebacterium diphtheriae,SpaD,332,K,406,E,450,N,TRUE,CnaB-like,FALSE,,http://scripts.iucr.org/cgi-bin/paper?S1399004714001400,Same protein as 4hss,FALSE,FALSE,2012-10-30 00:00:00+00:00,TRUE,FALSE,1.87,FALSE
4hss,A,Q6NK05,Corynebacterium diphtheriae,SpaD,187,K,224,D,299,N,TRUE,CnaA-like,FALSE,,https://scripts.iucr.org/cgi-bin/paper?S1399004714001400,-,FALSE,FALSE,2012-10-30 00:00:00+00:00,TRUE,FALSE,2.5,FALSE
4hss,A,Q6NK05,Corynebacterium diphtheriae,SpaD,58,K,143,E,180,N,TRUE,CnaB-like,FALSE,,https://scripts.iucr.org/cgi-bin/paper?S1399004714001400,-,FALSE,FALSE,2012-10-30 00:00:00+00:00,TRUE,FALSE,2.5,FALSE
4hss,A,Q6NK05,Corynebacterium diphtheriae,SpaD,332,K,406,E,450,N,TRUE,CnaB-like,FALSE,,https://scripts.iucr.org/cgi-bin/paper?S1399004714001400,-,FALSE,FALSE,2012-10-30 00:00:00+00:00,TRUE,FALSE,2.5,FALSE
4bug,A,Q8GRA2,Streptococcus pyogenes,Spy0125,297,K,347,E,595,D,TRUE,CnaB-like,TRUE,"TES domain, type TQXA",https://onlinelibrary.wiley.com/doi/10.1002/prot.24420,Same protein as 2xi9,FALSE,FALSE,2013-06-20 00:00:00+00:00,TRUE,FALSE,2.8,FALSE
4bug,A,Q8GRA2,Streptococcus pyogenes,Spy0125,610,K,680,E,715,D,TRUE,CnaB-like,TRUE,"TES domain, type TQXA",https://onlinelibrary.wiley.com/doi/10.1002/prot.24420,Same protein as 2xi9,FALSE,FALSE,2013-06-20 00:00:00+00:00,TRUE,FALSE,2.8,FALSE
4mli,A,Q8G9G1,Streptococcus pyogenes,Fba2,31,K,77,E,117,D,TRUE,CnaB-like,FALSE,,https://www.sciencedirect.com/science/article/pii/S0022283613006669?via%3Dihub,Same protein as 4mls,TRUE,FALSE,2013-09-06 00:00:00+00:00,TRUE,FALSE,2.1,FALSE
4mls,A,Q8G9G1,Streptococcus pyogenes,Fba2,31,K,77,E,117,D,TRUE,CnaB-like,FALSE,,https://www.sciencedirect.com/science/article/pii/S0022283613006669?via%3Dihub,-,TRUE,FALSE,2013-09-06 00:00:00+00:00,TRUE,FALSE,1.984,FALSE
4ofq,A,Q48S75,Streptococcus pyogenes,AspA,978,K,1028,D,1128,N,TRUE,CnaA-like,FALSE,,https://febs.onlinelibrary.wiley.com/doi/10.1016/j.fob.2014.02.012,-,FALSE,FALSE,2014-01-15 00:00:00+00:00,TRUE,FALSE,1.8,FALSE
4ofq,A,Q48S75,Streptococcus pyogenes,AspA,1155,K,1201,D,1286,N,TRUE,CnaA-like,FALSE,,https://febs.onlinelibrary.wiley.com/doi/10.1016/j.fob.2014.02.012,-,FALSE,FALSE,2014-01-15 00:00:00+00:00,TRUE,FALSE,1.8,FALSE
4p0d,A,P18481,Streptococcus pyogenes,tee6,356,K,405,E,510,N,TRUE,CnaB-like,FALSE,,https://journals.asm.org/doi/10.1128/iai.01706-14,-,FALSE,FALSE,2014-02-20 00:00:00+00:00,TRUE,FALSE,1.9,FALSE
4p0d,A,P18481,Streptococcus pyogenes,tee6,183,K,227,D,309,N,TRUE,CnaA-like,FALSE,,https://journals.asm.org/doi/10.1128/iai.01706-14,-,FALSE,FALSE,2014-02-20 00:00:00+00:00,TRUE,FALSE,1.9,FALSE
4tsh,B,C9E3B4,Streptococcus mutans,SpaP,1338,K,1387,D,1473,N,TRUE,CnaA-like,FALSE,,https://www.pnas.org/doi/full/10.1073/pnas.1413018111,-,FALSE,FALSE,2014-06-18 00:00:00+00:00,TRUE,FALSE,2,FALSE
4tsh,B,C9E3B4,Streptococcus mutans,SpaP,1161,K,1211,D,1311,N,TRUE,CnaA-like,FALSE,,https://www.pnas.org/doi/full/10.1073/pnas.1413018111,-,FALSE,FALSE,2014-06-18 00:00:00+00:00,TRUE,FALSE,2,FALSE
4tsh,B,C9E3B4,Streptococcus mutans,SpaP,1006,K,1050,D,1121,N,TRUE,CnaA-like,FALSE,,https://www.pnas.org/doi/full/10.1073/pnas.1413018111,-,FALSE,FALSE,2014-06-18 00:00:00+00:00,TRUE,FALSE,2,FALSE
4uzg,A,A0A0M3KKY8,Streptococcus agalactiae,SAK_1440,358,K,423,E,462,N,TRUE,CnaB-like,FALSE,,https://journals.plos.org/plosone/article?id=10.1371/journal.pone.0125875,-,FALSE,FALSE,2014-09-05 00:00:00+00:00,TRUE,FALSE,1.06,FALSE
4uzg,A,A0A0M3KKY8,Streptococcus agalactiae,SAK_1440,187,K,225,D,330,N,TRUE,CnaA-like,FALSE,,https://journals.plos.org/plosone/article?id=10.1371/journal.pone.0125875,-,FALSE,FALSE,2014-09-05 00:00:00+00:00,TRUE,FALSE,1.06,FALSE
4s3l,A,B3FNT1,Streptococcus pneumoniae,PitB,246,K,328,E,375,N,TRUE,CnaB-like,FALSE,,https://www.jbc.org/article/S0021-9258(20)44815-X/fulltext,Same protein as 7f7y,FALSE,FALSE,2015-02-10 00:00:00+00:00,TRUE,FALSE,2.8,FALSE
4s3l,A,B3FNT1,Streptococcus pneumoniae,PitB,66,K,147,E,217,N,TRUE,CnaB-like,FALSE,,https://www.jbc.org/article/S0021-9258(20)44815-X/fulltext,Same protein as 7f7y,FALSE,FALSE,2015-02-10 00:00:00+00:00,TRUE,FALSE,2.8,FALSE
4z1p,A,Q8E589,Streptococcus agalactiae,BspA,177,K,223,D,308,N,TRUE,CnaA-like,FALSE,,Unpublished,Same protein as 5dz9,FALSE,FALSE,2015-03-27 00:00:00+00:00,TRUE,FALSE,1.89,FALSE
4z1p,A,Q8E589,Streptococcus agalactiae,BspA,3,K,53,D,150,N,TRUE,CnaA-like,FALSE,,Unpublished,Same protein as 5dz9,FALSE,FALSE,2015-03-27 00:00:00+00:00,TRUE,FALSE,1.89,FALSE
4z23,A,Q8E589,Streptococcus agalactiae,BspA,177,K,223,D,308,N,TRUE,CnaA-like,FALSE,,Unpublished,Same protein as 5dz9,FALSE,FALSE,2015-03-28 00:00:00+00:00,TRUE,FALSE,2.45,FALSE
4z23,A,Q8E589,Streptococcus agalactiae,BspA,3,K,53,D,150,N,TRUE,CnaA-like,FALSE,,Unpublished,Same protein as 5dz9,FALSE,FALSE,2015-03-28 00:00:00+00:00,TRUE,FALSE,2.45,FALSE
5dza,A,Q8E589,Streptococcus agalactiae,BspA,730,K,776,D,861,N,TRUE,CnaA-like,FALSE,,https://www.jbc.org/article/S0021-9258(20)42426-3/fulltext,Same protein as 5dz9,FALSE,FALSE,2015-09-25 00:00:00+00:00,TRUE,FALSE,2.19,FALSE
5dza,A,Q8E589,Streptococcus agalactiae,BspA,556,K,606,D,703,N,TRUE,CnaA-like,FALSE,,https://www.jbc.org/article/S0021-9258(20)42426-3/fulltext,Same protein as 5dz9,FALSE,FALSE,2015-09-25 00:00:00+00:00,TRUE,FALSE,2.19,FALSE
5dz9,A,Q8E589,Streptococcus agalactiae,BspA,730,K,776,D,861,N,TRUE,CnaA-like,FALSE,,https://www.jbc.org/article/S0021-9258(20)42426-3/fulltext,-,FALSE,FALSE,2015-09-25 00:00:00+00:00,TRUE,FALSE,1.89,FALSE
5dz9,A,Q8E589,Streptococcus agalactiae,BspA,556,K,606,D,703,N,TRUE,CnaA-like,FALSE,,https://www.jbc.org/article/S0021-9258(20)42426-3/fulltext,-,FALSE,FALSE,2015-09-25 00:00:00+00:00,TRUE,FALSE,1.89,FALSE
5f44,A,A0A7S7FMI6,Lactobacillus rhamnosus,SpaA,184,K,269,E,295,D,TRUE,CnaB-like,FALSE,,https://www.nature.com/articles/srep28664,-,FALSE,FALSE,2015-12-03 00:00:00+00:00,TRUE,FALSE,1.904,FALSE
5f44,A,A0A7S7FMI6,Lactobacillus rhamnosus,SpaA,47,K,139,E,172,N,TRUE,CnaB-like,FALSE,,https://www.nature.com/articles/srep28664,-,FALSE,FALSE,2015-12-03 00:00:00+00:00,TRUE,FALSE,1.904,FALSE
5faa,A,A0A7S7FMI6,Lactobacillus rhamnosus,SpaA,184,K,269,E,295,D,TRUE,CnaB-like,FALSE,,https://www.nature.com/articles/srep28664,Same protein as 5f44,FALSE,FALSE,2015-12-11 00:00:00+00:00,TRUE,FALSE,1.6,FALSE
5fgr,A,A0A7S7FMI6,Lactobacillus rhamnosus,SpaA,184,K,269,E,295,D,TRUE,CnaB-like,FALSE,,https://www.nature.com/articles/srep28664,Same protein as 5f44,FALSE,FALSE,2015-12-21 00:00:00+00:00,TRUE,FALSE,2.79,FALSE
5fgs,A,A0A7S7FMI6,Lactobacillus rhamnosus,SpaA,184,K,269,E,295,D,TRUE,CnaB-like,FALSE,,https://www.nature.com/articles/srep28664,Same protein as 5f44,FALSE,FALSE,2015-12-21 00:00:00+00:00,TRUE,FALSE,2,FALSE
5hbb,A,A0A7S7FMI6,Lactobacillus rhamnosus,SpaA,184,K,269,E,295,D,TRUE,CnaB-like,FALSE,,https://www.nature.com/articles/srep28664,Same protein as 5f44,FALSE,FALSE,2015-12-31 00:00:00+00:00,TRUE,FALSE,2.47,FALSE
5hbb,A,A0A7S7FMI6,Lactobacillus rhamnosus,SpaA,47,K,139,A,172,N,FALSE,Mutant,FALSE,,https://www.nature.com/articles/srep28664,Same protein as 5f44,FALSE,FALSE,2015-12-31 00:00:00+00:00,TRUE,FALSE,2.47,TRUE
5fie,A,A0A7S7FMI6,Lactobacillus rhamnosus GG,SpaA,47,K,139,E,172,N,FALSE,CnaB-like,FALSE,,https://www.nature.com/articles/srep28664,Same protein as 5f44,FALSE,FALSE,2015-12-23 00:00:00+00:00,TRUE,FALSE,2,FALSE
5hdl,A,A0A7S7FMI6,Lactobacillus rhamnosus,SpaA,47,K,139,E,172,N,TRUE,CnaB-like,FALSE,,https://www.nature.com/articles/srep28664,Same protein as 5f44,FALSE,FALSE,2016-01-05 00:00:00+00:00,TRUE,FALSE,2.39,FALSE
5hdl,A,A0A7S7FMI6,Lactobacillus rhamnosus,SpaA,184,K,269,A,295,D,TRUE,Mutant,FALSE,,https://www.nature.com/articles/srep28664,Same protein as 5f44 / Deletion of catalytic residues still resulted in isopeptide formation,FALSE,FALSE,2016-01-05 00:00:00+00:00,TRUE,FALSE,2.39,TRUE
5hts,A,A0A7S7FMI6,Lactobacillus rhamnosus,SpaA,184,K,269,E,295,N,TRUE,Mutant,FALSE,,https://www.nature.com/articles/srep28664,Same protein as 5f44 / Substitution of second residue (D to N) is tolerated,FALSE,FALSE,2016-01-27 00:00:00+00:00,TRUE,FALSE,2.6,FALSE
5hts,A,A0A7S7FMI6,Lactobacillus rhamnosus,SpaA,47,K,139,E,172,N,TRUE,CnaB-like,FALSE,,https://www.nature.com/articles/srep28664,Same protein as 5f44,FALSE,FALSE,2016-01-27 00:00:00+00:00,TRUE,FALSE,2.6,FALSE
5j4m,A,A0A7S7FMI6,Lactobacillus rhamnosus,SpaA,47,K,139,E,172,N,TRUE,CnaB-like,FALSE,,https://www.nature.com/articles/srep28664,Same protein as 5f44,FALSE,FALSE,2016-04-01 00:00:00+00:00,TRUE,FALSE,1.99,FALSE
5j4m,A,A0A7S7FMI6,Lactobacillus rhamnosus,SpaA,184,K,269,A,295,N,TRUE,Mutant,FALSE,,https://www.nature.com/articles/srep28664,Same protein as 5f44 / Deletion of catalytic residues still resulted in isopeptide formation / Substitution of second residue (D to N) is tolerated,FALSE,FALSE,2016-04-01 00:00:00+00:00,TRUE,FALSE,1.99,TRUE
5ttd,A,D2KPJ6,Streptococcus pyogenes,FctB,390,K,444,E,494,N,TRUE,Mutant,FALSE,,https://www.nature.com/articles/srep42753,Isopeptide bond engineered in to Ig-fold,FALSE,FALSE,2016-11-02 00:00:00+00:00,TRUE,FALSE,2,FALSE
5mkc,A,A0A0H2UNT6,Streptococcus pneumoniae,RrgA,191,K,600,D,695,N,TRUE,CnaA-like,TRUE,von Willebrand factor (Type A),https://www.nature.com/articles/srep43564,Same protein as 2ww8,FALSE,FALSE,2016-12-03 00:00:00+00:00,TRUE,FALSE,2.04,FALSE
5u6f,A,E0QN07,Mobiluncus mulieris,HMPREF0580_0271,175,K,232,E,288,N,TRUE,CnaB-like,FALSE,,https://doi.org/10.1107/S2059798323007507,Same protein as 5u5o,FALSE,FALSE,2016-12-07 00:00:00+00:00,TRUE,FALSE,1.5,FALSE
5xcc,A,Q8XP10,Clostridium perfringens,CppA,182,K,226,D,310,N,TRUE,CnaA-like,FALSE,,https://scripts.iucr.org/cgi-bin/paper?S2059798319009689,-,FALSE,FALSE,2017-03-22 00:00:00+00:00,TRUE,FALSE,2.48,FALSE
5xcc,A,Q8XP10,Clostridium perfringens,CppA,344,K,409,E,473,N,TRUE,CnaB-like,FALSE,,https://scripts.iucr.org/cgi-bin/paper?S2059798319009689,-,FALSE,FALSE,2017-03-22 00:00:00+00:00,TRUE,FALSE,2.48,FALSE
5xcc,A,Q8XP10,Clostridium perfringens,CppA,47,K,138,E,175,D,FALSE,CnaB-like,FALSE,,https://scripts.iucr.org/cgi-bin/paper?S2059798319009689,-,FALSE,FALSE,2017-03-22 00:00:00+00:00,TRUE,FALSE,2.48,FALSE
5xcb,A,Q8XP10,Clostridium perfringens,CppA,182,K,226,D,310,N,TRUE,CnaA-like,FALSE,,https://scripts.iucr.org/cgi-bin/paper?S2059798319009689,Same protein as 5xcc,FALSE,FALSE,2017-03-22 00:00:00+00:00,TRUE,FALSE,2.14,FALSE
5xcb,A,Q8XP10,Clostridium perfringens,CppA,47,K,138,E,175,D,FALSE,CnaB-like,FALSE,,https://scripts.iucr.org/cgi-bin/paper?S2059798319009689,Same protein as 5xcc,FALSE,FALSE,2017-03-22 00:00:00+00:00,TRUE,FALSE,2.14,FALSE
6bbw,A,A0A096ZHB0,Streptococcus pyogenes,T3.2,15,K,101,E,152,N,TRUE,CnaB-like,FALSE,,https://journals.asm.org/doi/10.1128/iai.00205-19,-,FALSE,FALSE,2017-10-19 00:00:00+00:00,TRUE,FALSE,1.8,FALSE
6bbw,A,A0A096ZHB0,Streptococcus pyogenes,T3.2,163,K,236,E,279,N,TRUE,CnaB-like,FALSE,,https://journals.asm.org/doi/10.1128/iai.00205-19,-,FALSE,FALSE,2017-10-19 00:00:00+00:00,TRUE,FALSE,1.8,FALSE
6bbt,A,A2T8Y3,Streptococcus pyogenes,T-13,15,K,101,E,152,N,TRUE,CnaB-like,FALSE,,https://journals.asm.org/doi/10.1128/iai.00205-19,-,FALSE,FALSE,2017-10-19 00:00:00+00:00,TRUE,FALSE,1.9,FALSE
6bbt,A,A2T8Y3,Streptococcus pyogenes,T-13,163,K,236,E,277,N,TRUE,CnaB-like,FALSE,,https://journals.asm.org/doi/10.1128/iai.00205-19,-,FALSE,FALSE,2017-10-19 00:00:00+00:00,TRUE,FALSE,1.9,FALSE
5yu5,A,A0A809N0N0,Lactobacillus rhamnosus,SpaD,186,K,242,D,337,N,TRUE,CnaA-like,FALSE,,https://www.nature.com/articles/s42003-018-0100-0,-,FALSE,FALSE,2017-11-20 00:00:00+00:00,TRUE,FALSE,2.27,FALSE
5yu5,A,A0A809N0N0,Lactobacillus rhamnosus,SpaD,45,K,145,E,181,D,TRUE,CnaB-like,FALSE,,https://www.nature.com/articles/s42003-018-0100-0,-,FALSE,FALSE,2017-11-20 00:00:00+00:00,TRUE,FALSE,2.27,FALSE
5yu5,A,A0A809N0N0,Lactobacillus rhamnosus,SpaD,365,K,445,E,477,N,TRUE,CnaB-like,FALSE,,https://www.nature.com/articles/s42003-018-0100-0,-,FALSE,FALSE,2017-11-20 00:00:00+00:00,TRUE,FALSE,2.27,FALSE
5yxg,A,A0A809N0N0,Lactobacillus rhamnosus,SpaD,186,K,242,D,337,N,TRUE,CnaA-like,FALSE,,https://www.nature.com/articles/s42003-018-0100-0,Same protein as 5yu5,FALSE,FALSE,2017-12-05 00:00:00+00:00,TRUE,FALSE,1.48,FALSE
5yxg,A,A0A809N0N0,Lactobacillus rhamnosus,SpaD,365,K,445,E,477,N,TRUE,CnaB-like,FALSE,,https://www.nature.com/articles/s42003-018-0100-0,Same protein as 5yu5,FALSE,FALSE,2017-12-05 00:00:00+00:00,TRUE,FALSE,1.48,FALSE
5yxo,A,A0A809N0N0,Lactobacillus rhamnosus,SpaD,186,K,242,D,337,N,TRUE,CnaA-like,FALSE,,https://www.nature.com/articles/s42003-018-0100-0,Same protein as 5yu5,FALSE,FALSE,2017-12-06 00:00:00+00:00,TRUE,FALSE,2.51,FALSE
5yxo,A,A0A809N0N0,Lactobacillus rhamnosus,SpaD,365,K,445,E,477,N,TRUE,CnaB-like,FALSE,,https://www.nature.com/articles/s42003-018-0100-0,Same protein as 5yu5,FALSE,FALSE,2017-12-06 00:00:00+00:00,TRUE,FALSE,2.51,FALSE
5z0z,A,A0A809N0N0,Lactobacillus rhamnosus,SpaD,365,K,445,E,477,N,TRUE,CnaB-like,FALSE,,https://www.nature.com/articles/s42003-018-0100-0,Same protein as 5yu5,FALSE,FALSE,2017-12-22 00:00:00+00:00,TRUE,FALSE,2.47,FALSE
5z0z,A,A0A809N0N0,Lactobacillus rhamnosus,SpaD,45,K,145,E,181,D,TRUE,CnaB-like,FALSE,,https://www.nature.com/articles/s42003-018-0100-0,Same protein as 5yu5,FALSE,FALSE,2017-12-22 00:00:00+00:00,TRUE,FALSE,2.47,FALSE
5z24,A,A0A809N0N0,Lactobacillus rhamnosus,SpaD,186,K,242,D,337,N,TRUE,CnaA-like,FALSE,,https://www.nature.com/articles/s42003-018-0100-0,Same protein as 5yu5,FALSE,FALSE,2017-12-28 00:00:00+00:00,TRUE,FALSE,2.4,FALSE
5z24,A,A0A809N0N0,Lactobacillus rhamnosus,SpaD,45,K,145,E,181,D,TRUE,CnaB-like,FALSE,,https://www.nature.com/articles/s42003-018-0100-0,Same protein as 5yu5,FALSE,FALSE,2017-12-28 00:00:00+00:00,TRUE,FALSE,2.4,FALSE
5z24,A,A0A809N0N0,Lactobacillus rhamnosus,SpaD,365,A,445,E,477,N,FALSE,Mutant,FALSE,,https://www.nature.com/articles/s42003-018-0100-0,K365A mutant / Same protein as 5yu5,FALSE,FALSE,2017-12-28 00:00:00+00:00,TRUE,FALSE,2.4,FALSE
6fwv,A,A0A6L8P957,Bacillus anthracis,BaTIE,266,K,312,E,342,N,TRUE,CnaB-like,FALSE,,https://onlinelibrary.wiley.com/doi/10.1002/pro.3478,-,FALSE,FALSE,2018-03-07 00:00:00+00:00,TRUE,FALSE,2.58,FALSE
6fwv,A,A0A6L8P957,Bacillus anthracis,BaTIE,444,K,493,E,524,N,TRUE,CnaB-like,FALSE,,https://onlinelibrary.wiley.com/doi/10.1002/pro.3478,-,FALSE,FALSE,2018-03-07 00:00:00+00:00,TRUE,FALSE,2.58,FALSE
6fwv,A,A0A6L8P957,Bacillus anthracis,BaTIE,353,K,402,E,433,D,TRUE,CnaB-like,FALSE,,https://onlinelibrary.wiley.com/doi/10.1002/pro.3478,-,FALSE,FALSE,2018-03-07 00:00:00+00:00,TRUE,FALSE,2.58,FALSE
6e3f,A,Q9KW51,Streptococcus intermedius,Pas,761,K,805,D,876,N,TRUE,CnaA-like,FALSE,,https://journals.asm.org/doi/10.1128/jb.00175-21,-,FALSE,FALSE,2018-07-13 00:00:00+00:00,TRUE,FALSE,2.7,FALSE
6e3f,A,Q9KW51,Streptococcus intermedius,Pas,916,K,966,D,1066,N,TRUE,CnaA-like,FALSE,,https://journals.asm.org/doi/10.1128/jb.00175-21,-,FALSE,FALSE,2018-07-13 00:00:00+00:00,TRUE,FALSE,2.7,FALSE
6e3f,A,Q9KW51,Streptococcus intermedius,Pas,1093,K,1142,D,1228,N,FALSE,CnaA-like,FALSE,,https://journals.asm.org/doi/10.1128/jb.00175-21,-,FALSE,FALSE,2018-07-13 00:00:00+00:00,TRUE,FALSE,2.7,FALSE
6n0a,A,A0A096ZH83,Streptococcus pyogenes,T-18.1,15,K,102,E,153,N,TRUE,CnaB-like,FALSE,,https://journals.asm.org/doi/10.1128/iai.00205-19,Same protein as 8f70,FALSE,FALSE,2018-11-06 00:00:00+00:00,TRUE,FALSE,1.75,FALSE
6n0a,A,A0A096ZH83,Streptococcus pyogenes,T-18.1,164,K,237,E,279,N,TRUE,CnaB-like,FALSE,,https://journals.asm.org/doi/10.1128/iai.00205-19,Same protein as 8f70,FALSE,FALSE,2018-11-06 00:00:00+00:00,TRUE,FALSE,1.75,FALSE
6ixy,A,Q0SWL8,Clostridium perfringens,SM101,182,K,226,D,310,N,TRUE,CnaA-like,FALSE,,https://scripts.iucr.org/cgi-bin/paper?S2059798319009689,-,FALSE,FALSE,2018-12-12 00:00:00+00:00,TRUE,FALSE,2.72,FALSE
6ixy,A,Q0SWL8,Clostridium perfringens,SM101,344,K,409,E,473,N,TRUE,CnaB-like,FALSE,,https://scripts.iucr.org/cgi-bin/paper?S2059798319009689,-,FALSE,FALSE,2018-12-12 00:00:00+00:00,TRUE,FALSE,2.72,FALSE
6ixy,A,Q0SWL8,Clostridium perfringens,SM101,47,K,138,E,172,N,FALSE,CnaB-like,FALSE,,https://scripts.iucr.org/cgi-bin/paper?S2059798319009689,-,FALSE,FALSE,2018-12-12 00:00:00+00:00,TRUE,FALSE,2.72,FALSE
6jbv,A,A0A5H1ZR38,Lactobacillus rhamnosus,SpaE,39,K,171,E,215,N,TRUE,CnaB-like,FALSE,,https://www.sciencedirect.com/science/article/abs/pii/S1047847719300826?via%3Dihub,Same protein as 6jch,FALSE,FALSE,2019-01-26 00:00:00+00:00,TRUE,FALSE,1.712,FALSE
6jbv,A,A0A5H1ZR38,Lactobacillus rhamnosus,SpaE,226,K,307,E,370,N,TRUE,CnaB-like,FALSE,,https://www.sciencedirect.com/science/article/abs/pii/S1047847719300826?via%3Dihub,Same protein as 6jch,FALSE,FALSE,2019-01-26 00:00:00+00:00,TRUE,FALSE,1.712,FALSE
6jch,A,A0A5H1ZR38,Lactobacillus rhamnosus,SpaE,39,K,171,E,215,N,TRUE,CnaB-like,FALSE,,https://www.sciencedirect.com/science/article/abs/pii/S1047847719300826?via%3Dihub,-,FALSE,FALSE,2019-01-28 00:00:00+00:00,TRUE,FALSE,1.536,FALSE
6jch,A,A0A5H1ZR38,Lactobacillus rhamnosus,SpaE,226,K,307,E,370,N,TRUE,CnaB-like,FALSE,,https://www.sciencedirect.com/science/article/abs/pii/S1047847719300826?via%3Dihub,-,FALSE,FALSE,2019-01-28 00:00:00+00:00,TRUE,FALSE,1.536,FALSE
6jk7,A,A0A5H1ZR38,Lactobacillus rhamnosus,SpaE,39,K,171,E,215,N,TRUE,CnaB-like,FALSE,,https://www.sciencedirect.com/science/article/abs/pii/S1047847719300826?via%3Dihub,Same protein as 6jch,FALSE,FALSE,2019-02-27 00:00:00+00:00,TRUE,FALSE,3.204,FALSE
6jk7,A,A0A5H1ZR38,Lactobacillus rhamnosus,SpaE,226,K,307,A,370,N,TRUE,CnaB-like,FALSE,,https://www.sciencedirect.com/science/article/abs/pii/S1047847719300826?via%3Dihub,Same protein as 6jch,FALSE,FALSE,2019-02-27 00:00:00+00:00,TRUE,FALSE,3.204,TRUE
6to1,A,B2RHG5,Porphyromonas gingivalis,Mfa5,111,K,432,D,518,N,TRUE,CnaA-like,TRUE,von Willebrand factor (Type A),https://www.nature.com/articles/s42003-020-01621-w,First bond to be oberved in Gram-negative bacteria,FALSE,FALSE,2019-12-11 00:00:00+00:00,TRUE,FALSE,1.8,FALSE
6m3y,A,UPI0015E26F09,Lacticaseibacillus rhamnosus,GG-SpaC ,502,K,567,S,595,N,TRUE,CnaB-like,FALSE,,https://doi.org/10.1016/j.jsb.2020.107571,-,FALSE,FALSE,2020-03-04 00:00:00+00:00,TRUE,FALSE,1.93,TRUE
6m3y,A,UPI0015E26F09,Lacticaseibacillus rhamnosus,GG-SpaC ,108,K,395,D,470,N,TRUE,CnaA-like,FALSE,,https://doi.org/10.1016/j.jsb.2020.107571,-,FALSE,FALSE,2020-03-04 00:00:00+00:00,TRUE,FALSE,1.93,FALSE
6m3y,A,UPI0015E26F09,Lacticaseibacillus rhamnosus,GG-SpaC ,741,K,791,E,849,N,TRUE,CnaB-like,FALSE,,https://doi.org/10.1016/j.jsb.2020.107571,-,FALSE,FALSE,2020-03-04 00:00:00+00:00,TRUE,FALSE,1.93,FALSE
6m3y,A,UPI0015E26F09,Lacticaseibacillus rhamnosus,GG-SpaC ,604,K,658,E,729,D,TRUE,CnaB-like,FALSE,,https://doi.org/10.1016/j.jsb.2020.107571,-,FALSE,FALSE,2020-03-04 00:00:00+00:00,TRUE,FALSE,1.93,FALSE
7k1u,A,Q18DC3,Clostridioides difficile (strain 630) (Peptoclostridium difficile),CD630_03860,307,K,399,E,449,D,TRUE,CnaB-like,FALSE,,Unpublished,Found on PDB95 screening,FALSE,FALSE,2020-09-08 00:00:00+00:00,TRUE,FALSE,2.4,FALSE
7cbs,A,A0A7S7FN92,Lactobacillus rhamnosus,SpaB,44,K,148,E,183,N,FALSE,CnaB-like,FALSE,,https://www.sciencedirect.com/science/article/pii/S2665928X20300234?via%3Dihub,-,FALSE,FALSE,2020-06-13 00:00:00+00:00,TRUE,FALSE,2.39,FALSE
7l0o,A,P16952,Streptococcus gordonii,SspB,927,K,971,D,1042,N,TRUE,CnaA-like,FALSE,,https://scripts.iucr.org/cgi-bin/paper?S2059798321008135,-,FALSE,FALSE,2020-12-11 00:00:00+00:00,TRUE,FALSE,2.7,FALSE
7l0o,A,P16952,Streptococcus gordonii,SspB,1082,K,1132,D,1232,N,TRUE,CnaA-like,FALSE,,https://scripts.iucr.org/cgi-bin/paper?S2059798321008135,-,FALSE,FALSE,2020-12-11 00:00:00+00:00,TRUE,FALSE,2.7,FALSE
7l0o,A,P16952,Streptococcus gordonii,SspB,1259,K,1307,D,1393,N,FALSE,CnaA-like,FALSE,,https://scripts.iucr.org/cgi-bin/paper?S2059798321008135,-,FALSE,FALSE,2020-12-11 00:00:00+00:00,TRUE,FALSE,2.7,FALSE
7lgr,A,B9A875,Streptococcus mutans,CNM,177,K,210,D,291,N,TRUE,CnaA-like,FALSE,,Unpublished,-,FALSE,FALSE,2021-01-20 00:00:00+00:00,TRUE,FALSE,1.6,FALSE
7f7y,A,B3FNT1,Streptococcus pneumoniae,PitB,66,K,147,E,217,N,TRUE,CnaB-like,FALSE,,https://febs.onlinelibrary.wiley.com/doi/10.1111/febs.16527,-,FALSE,FALSE,2021-06-30 00:00:00+00:00,TRUE,FALSE,2.13,FALSE
7f7y,A,B3FNT1,Streptococcus pneumoniae,PitB,246,K,328,E,375,N,TRUE,CnaB-like,FALSE,,https://febs.onlinelibrary.wiley.com/doi/10.1111/febs.16527,-,FALSE,FALSE,2021-06-30 00:00:00+00:00,TRUE,FALSE,2.13,FALSE
7vcn,A,D4FSQ3,Streptococcus oralis,PitA,47,K,366,D,468,N,TRUE,CnaA-like,TRUE,von Willebrand factor (Type A),https://febs.onlinelibrary.wiley.com/doi/10.1111/febs.16527,Same protein as 7w6b,TRUE,FALSE,2021-09-03 00:00:00+00:00,TRUE,FALSE,2.343,FALSE
7vcn,A,D4FSQ3,Streptococcus oralis,PitA,611,K,678,E,707,N,TRUE,CnaB-like,FALSE,,https://febs.onlinelibrary.wiley.com/doi/10.1111/febs.16527,Same protein as 7w6b,FALSE,FALSE,2021-09-03 00:00:00+00:00,TRUE,FALSE,2.343,FALSE
7vcn,A,D4FSQ3,Streptococcus oralis,PitA,717,K,791,E,820,N,TRUE,CnaB-like,FALSE,,https://febs.onlinelibrary.wiley.com/doi/10.1111/febs.16527,Same protein as 7w6b,FALSE,FALSE,2021-09-03 00:00:00+00:00,TRUE,FALSE,2.343,FALSE
7vcr,A,D4FSQ3,Streptococcus oralis,PitA,47,K,366,D,468,N,TRUE,CnaA-like,TRUE,von Willebrand factor (Type A),https://febs.onlinelibrary.wiley.com/doi/10.1111/febs.16527,Same protein as 7w6b,TRUE,FALSE,2021-09-03 00:00:00+00:00,TRUE,FALSE,2,FALSE
7vcr,A,D4FSQ3,Streptococcus oralis,PitA,611,K,678,E,707,N,TRUE,CnaB-like,FALSE,,https://febs.onlinelibrary.wiley.com/doi/10.1111/febs.16527,Same protein as 7w6b,FALSE,FALSE,2021-09-03 00:00:00+00:00,TRUE,FALSE,2,FALSE
7vcr,A,D4FSQ3,Streptococcus oralis,PitA,717,K,791,E,820,N,TRUE,CnaB-like,FALSE,,https://febs.onlinelibrary.wiley.com/doi/10.1111/febs.16527,Same protein as 7w6b,FALSE,FALSE,2021-09-03 00:00:00+00:00,TRUE,FALSE,2,FALSE
7w7i,A,D4FSQ5,Streptococcus oralis,PitB,52,K,139,E,213,N,TRUE,CnaB-like,FALSE,,https://febs.onlinelibrary.wiley.com/doi/10.1111/febs.16527,-,FALSE,FALSE,2021-12-05 00:00:00+00:00,TRUE,FALSE,3.59,FALSE
7w7i,A,D4FSQ5,Streptococcus oralis,PitB,249,K,321,E,368,N,TRUE,CnaB-like,FALSE,,https://febs.onlinelibrary.wiley.com/doi/10.1111/febs.16527,-,FALSE,FALSE,2021-12-05 00:00:00+00:00,TRUE,FALSE,3.59,FALSE
7woi,A,A0A6M4Q2T2,Corynebacterium glutamicum,Spa2,57,K,158,E,195,N,TRUE,CnaB-like,FALSE,,https://www.nature.com/articles/s41589-023-01489-x,-,FALSE,FALSE,2022-01-21 00:00:00+00:00,TRUE,FALSE,2.73,FALSE
7woi,A,A0A6M4Q2T2,Corynebacterium glutamicum,Spa2,203,K,246,D,318,N,TRUE,CnaA-like,FALSE,,https://www.nature.com/articles/s41589-023-01489-x,-,FALSE,FALSE,2022-01-21 00:00:00+00:00,TRUE,FALSE,2.73,FALSE
7woi,A,A0A6M4Q2T2,Corynebacterium glutamicum,Spa2,355,K,435,E,466,N,TRUE,CnaB-like,FALSE,,https://www.nature.com/articles/s41589-023-01489-x,-,FALSE,FALSE,2022-01-21 00:00:00+00:00,TRUE,FALSE,2.73,FALSE
8gsx,A,Q8XP11,Clostridium perfringens (strain 13 / Type A),CPE0155,178,K,233,D,307,N,TRUE,CnaA-like,FALSE,,https://doi.org/10.1002/1873-3468.14626,Found on PDB95 screening,FALSE,FALSE,2022-09-07 00:00:00+00:00,TRUE,FALSE,2.86,FALSE
8bdw,A,F9UR90,Lactobacillus plantarum,lp2578,9,K,59,E,91,D,TRUE,CnaB-like,FALSE,,https://onlinelibrary.wiley.com/doi/10.1002/anie.202216371,-,FALSE,FALSE,2022-10-20 00:00:00+00:00,TRUE,FALSE,1.86,FALSE
8beg,A,Q04112,Enterococcus faecalis,PrgB,756,K,806,D,894,N,TRUE,CnaA-like,FALSE,,https://elifesciences.org/articles/84427,-,FALSE,FALSE,2022-10-21 00:00:00+00:00,TRUE,FALSE,1.84,FALSE
8beg,A,Q04112,Enterococcus faecalis,PrgB,1076,K,1123,D,1211,N,TRUE,CnaA-like,FALSE,,https://elifesciences.org/articles/84427,-,FALSE,FALSE,2022-10-21 00:00:00+00:00,TRUE,FALSE,1.84,FALSE
8beg,A,Q04112,Enterococcus faecalis,PrgB,590,K,636,D,729,N,TRUE,CnaA-like,FALSE,,https://elifesciences.org/articles/84427,-,FALSE,FALSE,2022-10-21 00:00:00+00:00,TRUE,FALSE,1.84,FALSE
8beg,A,Q04112,Enterococcus faecalis,PrgB,922,K,973,D,1049,N,TRUE,CnaA-like,FALSE,,https://elifesciences.org/articles/84427,-,FALSE,FALSE,2022-10-21 00:00:00+00:00,TRUE,FALSE,1.84,FALSE
8f5n,A,A0A096ZH83,Streptococcus pyogenes,tee,164,K,237,E,279,N,TRUE,CnaB-like,FALSE,,https://www.tandfonline.com/doi/full/10.1080/21505594.2023.2180228,Same protein as 8f70,FALSE,FALSE,2022-11-14 00:00:00+00:00,TRUE,FALSE,1.9,FALSE
8f5n,A,A0A096ZH83,Streptococcus pyogenes,tee,15,K,102,E,153,N,TRUE,CnaB-like,FALSE,,https://www.tandfonline.com/doi/full/10.1080/21505594.2023.2180228,Same protein as 8f70,FALSE,FALSE,2022-11-14 00:00:00+00:00,TRUE,FALSE,1.9,FALSE
8f70,A,A0A096ZH83,Streptococcus pyogenes,tee,164,K,237,E,279,N,TRUE,CnaB-like,FALSE,,https://www.tandfonline.com/doi/full/10.1080/21505594.2023.2180228,-,FALSE,FALSE,2022-11-17 00:00:00+00:00,TRUE,FALSE,2.29,FALSE
8f70,A,A0A096ZH83,Streptococcus pyogenes,tee,448,K,521,E,563,N,TRUE,CnaB-like,FALSE,,https://www.tandfonline.com/doi/full/10.1080/21505594.2023.2180228,-,FALSE,FALSE,2022-11-17 00:00:00+00:00,TRUE,FALSE,2.29,FALSE
8f70,A,A0A096ZH83,Streptococcus pyogenes,tee,15,K,102,E,153,N,TRUE,CnaB-like,FALSE,,https://www.tandfonline.com/doi/full/10.1080/21505594.2023.2180228,-,FALSE,FALSE,2022-11-17 00:00:00+00:00,TRUE,FALSE,2.29,FALSE
8f70,A,A0A096ZH83,Streptococcus pyogenes,tee,299,K,386,E,437,N,TRUE,CnaB-like,FALSE,,https://www.tandfonline.com/doi/full/10.1080/21505594.2023.2180228,-,FALSE,FALSE,2022-11-17 00:00:00+00:00,TRUE,FALSE,2.29,FALSE
5u5o,A,E0QN07,Mobiluncus mulieris ATCC 35239,HMPREF0580_0271,175,K,232,E,288,N,TRUE,CnaB-like,FALSE,,https://doi.org/10.1107/S2059798323007507,Same protein as 5u6f,FALSE,FALSE,2016-12-07 00:00:00+00:00,TRUE,FALSE,1.15,FALSE
4oq1,A,A0A0H2UNM0,Streptococcus pneumoniae TIGR4,SP_0464,155,K,222,E,252,N,TRUE,CnaB-like,FALSE,,https://doi.org/10.1074/jbc.M114.555854,,FALSE,FALSE,2014-04-23 00:00:00+00:00,TRUE,FALSE,1.85,FALSE
4oq1,A,A0A0H2UNM0,Streptococcus pneumoniae TIGR4,SP_0464,264,K,322,E,354,N,TRUE,CnaB-like,FALSE,,https://doi.org/10.1074/jbc.M114.555854,,FALSE,FALSE,2014-04-23 00:00:00+00:00,TRUE,FALSE,1.85,FALSE
6m48,A,,Lacticaseibacillus rhamnosus GG,SpaC,108,K,395,D,470,N,TRUE,CnaA-like,FALSE,,https://doi.org/10.1016/j.jsb.2020.107571,,FALSE,FALSE,2020-07-29 00:00:00+00:00,TRUE,FALSE,2.5,FALSE
6m48,A,,Lacticaseibacillus rhamnosus GG,SpaC,604,K,658,E,729,D,TRUE,CnaB-like,FALSE,,https://doi.org/10.1016/j.jsb.2020.107571,,FALSE,FALSE,2020-07-29 00:00:00+00:00,TRUE,FALSE,2.5,FALSE
6m48,A,,Lacticaseibacillus rhamnosus GG,SpaC,502,K,568,E,595,N,TRUE,CnaB-like,FALSE,,https://doi.org/10.1016/j.jsb.2020.107571,The catalytic residue is found in the right conformation (in proximity to bond residues) when the structure is predicted by AF2,FALSE,FALSE,2020-07-29 00:00:00+00:00,TRUE,FALSE,2.5,TRUE
6m48,A,,Lacticaseibacillus rhamnosus GG,SpaC,741,K,791,E,849,N,TRUE,CnaB-like,FALSE,,https://doi.org/10.1016/j.jsb.2020.107571,,FALSE,FALSE,2020-07-29 00:00:00+00:00,TRUE,FALSE,2.5,FALSE
7bvx,A,,Lacticaseibacillus rhamnosus,SpaC,604,K,658,E,729,D,TRUE,CnaB-like,FALSE,,https://doi.org/10.1016/j.jsb.2020.107571,,FALSE,FALSE,2020-04-12 00:00:00+00:00,TRUE,FALSE,3.36,FALSE
7bvx,A,,Lacticaseibacillus rhamnosus,SpaC,741,K,791,E,849,N,TRUE,CnaB-like,FALSE,,https://doi.org/10.1016/j.jsb.2020.107571,,FALSE,FALSE,2020-03-18 00:00:00+00:00,FALSE,FALSE,3.36,FALSE
6m7c,A,,Lacticaseibacillus rhamnosus,SpaC,604,K,658,E,729,D,TRUE,CnaB-like,FALSE,,https://doi.org/10.1016/j.jsb.2020.107571,,FALSE,FALSE,2020-03-18 00:00:00+00:00,TRUE,FALSE,3.18,FALSE
6m7c,A,,Lacticaseibacillus rhamnosus,SpaC,741,K,791,E,849,N,TRUE,CnaB-like,FALSE,,https://doi.org/10.1016/j.jsb.2020.107571,,FALSE,FALSE,2020-03-18 00:00:00+00:00,FALSE,FALSE,3.18,FALSE